{
  "blur": 1434.7010682606347,
  "color": [
    202.84542866941015,
    202.84542866941015,
    227.95867969821674
  ],
  "centroid": [
    106.7760210803689,
    60.866930171278
  ]
}